timestamp,counter,Latitude,Longitude,Snow Depth m,geometry
2017-11-14 11:27:00.75,100001,65.04120666,-146.583015,0.07283,POINT (519633.2125271123 7213111.766199158)
2017-11-14 15:14:14.75,100002,65.04120666,-146.5830617,0.07732,POINT (519631.013741527 7213111.751691903)
2017-11-14 15:14:15,100003,65.04120166,-146.5830883,0.04138,POINT (519629.7650044246 7213111.186195726)
2017-11-14 15:14:15.25,999001,65.04117334,-146.5830883,-0.0019,POINT (519629.7858258698 7213108.03002422)
2017-11-14 15:14:15.75,999002,65.04117334,-146.5830883,-0.0013,POINT (519629.7858258698 7213108.03002422)
2017-11-14 15:14:16.25,999003,65.04117334,-146.58309,1.199,POINT (519629.7057843236 7213108.029496183)
2017-11-14 15:14:17,999004,65.04117167,-146.58309,1.199,POINT (519629.7070121367 7213107.843380135)
2017-11-14 15:14:17.5,999005,65.04116833,-146.5830867,-0.0013,POINT (519629.8648425571 7213107.472173061)
2017-11-14 15:14:18.25,999006,65.04117,-146.5830783,1.199,POINT (519630.2591141834 7213107.660898276)
2017-11-14 15:14:19,999007,65.04116833,-146.5830783,-0.0013,POINT (519630.260342031 7213107.47478223)
2017-11-14 15:14:19.75,999008,65.04117,-146.58308,1.199,POINT (519630.1790726285 7213107.660370226)
2017-11-14 15:14:20.5,999009,65.04117,-146.583085,-0.0019,POINT (519629.9436562892 7213107.658817149)
2017-11-14 15:14:21.5,999010,65.04117167,-146.5830833,1.2,POINT (519630.0224700113 7213107.845461239)
2017-11-14 15:24:38.25,100001,65.04058,-146.5827866,-0.0013,POINT (519644.4273961614 7213041.997968712)
2017-11-14 15:24:38.5,100002,65.04029333,-146.58205,0.7892,POINT (519679.3209850854 7213010.278707123)
2017-11-14 15:24:39,100003,65.040295,-146.5820517,0.7684000000000001,POINT (519679.239710047 7213010.464293765)
2017-11-14 15:24:39.5,100004,65.0403,-146.5820517,0.7735,POINT (519679.2360248314 7213011.02152732)
2017-11-14 15:24:40.25,100005,65.04029834,-146.58207,0.728,POINT (519678.3755964626 7213010.830827446)
2017-11-14 15:24:40.75,100006,65.04029167,-146.5821017,0.7241,POINT (519676.8879237515 7213010.077607581)
2017-11-14 15:24:41.25,100007,65.04029167,-146.5821217,0.6803,POINT (519675.9462274906 7213010.071380652)
2017-11-14 15:24:41.75,100008,65.040295,-146.58212,0.6679,POINT (519676.0238177199 7213010.443027478)
2017-11-14 15:24:42.25,100009,65.04028166,-146.5821683,0.7814,POINT (519673.7594509363 7213008.941291467)
2017-11-14 15:24:42.75,100010,65.04027333,-146.5821817,0.7487999999999999,POINT (519673.1346518601 7213008.00876894)
2017-11-14 15:24:43.25,100011,65.040275,-146.582205,0.7511,POINT (519672.0363445444 7213008.187631987)
2017-11-14 15:24:43.75,100012,65.040275,-146.582205,0.7746999999999999,POINT (519672.0363445444 7213008.187631987)
2017-11-14 15:24:44.25,100013,65.04027,-146.5822333,0.9570000000000001,POINT (519670.7075271024 7213007.621589581)
2017-11-14 15:24:44.75,100014,65.04026167,-146.5822416,0.7977,POINT (519670.3228596107 7213006.690655061)
2017-11-14 15:24:45.25,100015,65.04025,-146.58227,0.7601,POINT (519668.9942461996 7213005.381232723)
2017-11-14 15:24:45.75,100016,65.040245,-146.5823034,0.5915,POINT (519667.425293959 7213004.813604526)
2017-11-14 15:24:46.25,100017,65.040235,-146.5823217,0.5661999999999999,POINT (519666.5710060261 7213003.693442485)
2017-11-14 15:24:46.75,100018,65.04024333,-146.5823134,0.6146,POINT (519666.9556750888 7213004.624376511)
2017-11-14 15:24:47.25,100019,65.04023333,-146.5823466,0.5207,POINT (519665.3998216631 7213003.499578058)
2017-11-14 15:24:47.75,100020,65.04024167,-146.58235,0.7415999999999999,POINT (519665.233590396 7213004.427985664)
2017-11-14 15:24:48.25,100021,65.040235,-146.582395,0.828,POINT (519663.1196818308 7213003.670634211)
2017-11-14 15:24:48.75,100022,65.04024333,-146.582405,0.7606999999999999,POINT (519662.6426983133 7213004.595874012)
2017-11-14 15:24:49.25,100023,65.04023833,-146.582425,0.5842,POINT (519661.7046822441 7213004.032418021)
2017-11-14 15:24:49.75,100024,65.04023,-146.5824433,0.5606,POINT (519660.8491622345 7213003.09837364)
2017-11-14 15:24:50.25,100025,65.04022666,-146.582465,0.6073,POINT (519659.8298786891 7213002.71939092)
2017-11-14 15:24:50.75,100026,65.040225,-146.5824884,0.6781,POINT (519658.7293135604 7213002.527110214)
2017-11-14 15:24:51.25,100027,65.04022333,-146.5825266,0.4617,POINT (519656.9318986136 7213002.329112003)
2017-11-14 15:24:51.75,100028,65.04022167,-146.5825234,0.3954,POINT (519657.0837925154 7213002.145105781)
2017-11-14 15:24:52.25,100029,65.04021834,-146.5825467,0.45159999999999995,POINT (519655.989164902 7213001.766741179)
2017-11-14 15:24:52.75,100030,65.04021667,-146.582585,0.6740999999999999,POINT (519654.1870408303 7213001.568713525)
2017-11-14 15:24:53.25,100031,65.04022,-146.5825966,0.6382,POINT (519653.6384042915 7213001.9362236)
2017-11-14 15:24:53.75,100032,65.04021667,-146.58261,0.6494,POINT (519653.0099171508 7213001.560938892)
2017-11-14 15:24:54.25,100033,65.040225,-146.5826367,0.7034,POINT (519651.7466180845 7213002.480987237)
2017-11-14 15:24:54.75,100034,65.04022333,-146.5826567,0.7483,POINT (519650.8061485093 7213002.28865225)
2017-11-14 15:24:55.25,100035,65.04022167,-146.5826567,0.7584000000000001,POINT (519650.8073702291 7213002.103650699)
2017-11-14 15:24:55.75,100036,65.04021334,-146.5827033,0.7584000000000001,POINT (519648.619342078 7213001.160810507)
2017-11-14 15:24:56.25,100037,65.04021,-146.5827133,0.7184999999999999,POINT (519648.1509503675 7213000.785469447)
2017-11-14 15:24:56.75,100038,65.04021167,-146.5827483,0.7123999999999999,POINT (519646.5017479756 7213000.960704452)
2017-11-14 15:24:57.25,100039,65.04021167,-146.582755,0.6920999999999999,POINT (519646.1862787657 7213000.95862162)
2017-11-14 15:24:57.75,100040,65.04022167,-146.58276,0.2145,POINT (519645.9434960457 7213002.07153445)
2017-11-14 15:24:58.25,100041,65.04021834,-146.58277,0.4612,POINT (519645.4750967896 7213001.697308279)
2017-11-14 15:24:59,100042,65.04021834,-146.5827716,0.4235,POINT (519645.3997608781 7213001.69681091)
2017-11-14 15:24:59.5,100043,65.04021834,-146.582775,0.4752,POINT (519645.2396720651 7213001.695754004)
2017-11-14 15:25:00.25,100044,65.04021834,-146.5827767,0.523,POINT (519645.1596276579 7213001.695225555)
2017-11-14 15:25:01,100045,65.04021667,-146.582785,0.6191,POINT (519644.7700513161 7213001.506529495)
2017-11-14 15:25:01.5,100046,65.04021667,-146.5827917,0.6512,POINT (519644.4545821655 7213001.504446846)
2017-11-14 15:25:02.25,100047,65.04021667,-146.5828017,0.6275999999999999,POINT (519643.9837326849 7213001.501338476)
2017-11-14 15:25:03,100048,65.04021334,-146.58285,0.772,POINT (519641.7119793548 7213001.115208535)
2017-11-14 15:25:03.75,100049,65.040215,-146.582855,0.7945,POINT (519641.4753334454 7213001.298656108)
2017-11-14 15:25:04.5,100050,65.04021667,-146.5828983,0.7911,POINT (519639.4353266876 7213001.471315466)
2017-11-14 15:25:05,100051,65.04021834,-146.5829133,0.7608,POINT (519638.7278241384 7213001.65277015)
2017-11-14 15:25:05.5,100052,65.04021667,-146.5829467,0.7804000000000001,POINT (519637.1564151808 7213001.456275497)
2017-11-14 15:25:06,100053,65.040215,-146.58298,0.7326999999999999,POINT (519635.5897145197 7213001.259812741)
2017-11-14 15:25:06.5,100054,65.04021334,-146.58304,0.7343999999999999,POINT (519632.765838011 7213001.056170505)
2017-11-14 15:25:07,100055,65.04020833,-146.5830583,0.7889,POINT (519631.9078670268 7213000.492137567)
2017-11-14 15:25:07.75,100056,65.04021,-146.583095,0.809,POINT (519630.1786210684 7213000.666853528)
2017-11-14 15:25:08.5,100057,65.04020833,-146.5831033,0.6859999999999999,POINT (519629.7890436557 7213000.478159428)
2017-11-14 15:25:09.25,100058,65.04021334,-146.5831083,0.6686,POINT (519629.5499355893 7213001.03495446)
2017-11-14 15:25:10,100059,65.04022333,-146.5831133,0.4916,POINT (519629.3071664592 7213002.146754176)
2017-11-14 15:25:10.5,100060,65.04022,-146.58313,0.4669,POINT (519628.5232960228 7213001.770449666)
2017-11-14 15:25:11,100061,65.04022167,-146.5831467,0.545,POINT (519627.735749831 7213001.95137896)
2017-11-14 15:25:11.5,100062,65.04022167,-146.5831833,0.6304,POINT (519626.0124410049 7213001.940012374)
2017-11-14 15:25:12,100063,65.04022333,-146.5832,0.7361,POINT (519625.2249023659 7213002.11982787)
2017-11-14 15:25:12.75,100064,65.04022,-146.5832183,0.7653,POINT (519624.3656955041 7213001.7430276)
2017-11-14 15:25:13.25,100065,65.04022333,-146.583235,0.6945,POINT (519623.5769295397 7213002.108959553)
2017-11-14 15:25:13.75,100066,65.04022833,-146.5832333,0.7181000000000001,POINT (519623.65329914 7213002.666721025)
2017-11-14 15:25:14.5,100067,65.04022833,-146.5832434,0.5236,POINT (519623.1777413563 7213002.663584898)
2017-11-14 15:25:15,100068,65.04022833,-146.583265,0.7114,POINT (519622.1607068835 7213002.656878184)
2017-11-14 15:25:15.5,100069,65.04022333,-146.5833017,0.7968000000000001,POINT (519620.4363641707 7213002.088250171)
2017-11-14 15:25:16,100070,65.04022833,-146.58334,0.8170000000000001,POINT (519618.6293371812 7213002.633593686)
2017-11-14 15:25:16.75,100071,65.04022333,-146.5833517,0.888,POINT (519618.082117255 7213002.072728072)
2017-11-14 15:25:17.25,100072,65.04023,-146.583385,0.7001000000000001,POINT (519616.5092884137 7213002.805741024)
2017-11-14 15:25:17.75,100073,65.04023166,-146.583435,0.9259999999999999,POINT (519614.1538226285 7213002.975223593)
2017-11-14 15:25:18.25,100074,65.04022167,-146.58344,0.878,POINT (519613.9257366075 7213001.860319034)
2017-11-14 15:25:18.75,100075,65.04022,-146.583445,0.927,POINT (519613.6915386561 7213001.672651228)
2017-11-14 15:25:19.25,100076,65.040235,-146.583485,0.7777,POINT (519611.7971231423 7213003.331938517)
2017-11-14 15:25:19.75,100077,65.04024167,-146.5835117,0.7315999999999999,POINT (519610.5350569189 7213004.067002781)
2017-11-14 15:25:20.25,100078,65.04024,-146.58352,0.7372,POINT (519610.145478732 7213003.878311255)
2017-11-14 15:25:21,100079,65.04025,-146.58355,0.8220000000000001,POINT (519608.7255874341 7213004.983469897)
2017-11-14 15:25:21.5,100080,65.04024333,-146.583575,0.915,POINT (519607.553363288 7213004.232363593)
2017-11-14 15:25:22.25,100081,65.04024167,-146.5835867,0.841,POINT (519607.0036889086 7213004.043732077)
2017-11-14 15:25:22.75,100082,65.04023667,-146.5836,0.7440000000000001,POINT (519606.381131208 7213003.482372222)
2017-11-14 15:25:23.25,100083,65.04023833,-146.5836183,0.883,POINT (519605.5182583422 7213003.661696548)
2017-11-14 15:25:23.75,100084,65.04024,-146.5836283,0.8909999999999999,POINT (519605.0461829957 7213003.84471037)
2017-11-14 15:25:24.25,100085,65.04024,-146.5836667,0.95,POINT (519603.2381224447 7213003.832798581)
2017-11-14 15:25:24.75,100086,65.04023,-146.5836867,0.873,POINT (519602.3037658356 7213002.712127708)
2017-11-14 15:25:25.5,100087,65.040235,-146.5836883,0.8190000000000001,POINT (519602.224759167 7213003.268865058)
2017-11-14 15:25:26.25,100088,65.04024,-146.583775,0.595,POINT (519598.1388266474 7213003.799209533)
2017-11-14 15:25:27,100089,65.04022333,-146.5837917,0.7142000000000001,POINT (519597.3647439909 7213001.936213912)
2017-11-14 15:25:27.75,100090,65.04022,-146.58383,0.7462000000000001,POINT (519595.5638346926 7213001.553220202)
2017-11-14 15:25:28.5,100091,65.04022833,-146.5838384,0.7147,POINT (519595.1622078259 7213002.478966895)
2017-11-14 15:25:29.25,100092,65.04022333,-146.583865,0.7642,POINT (519593.9134178724 7213001.913485914)
2017-11-14 15:25:30,100093,65.04022333,-146.5838917,0.7265,POINT (519592.6562499627 7213001.905208086)
2017-11-14 15:25:30.5,100094,65.040235,-146.5839067,0.7737999999999999,POINT (519591.941412743 7213003.201141158)
2017-11-14 15:25:31,100095,65.040225,-146.5839184,0.7990999999999999,POINT (519591.3978566889 7213002.083046823)
2017-11-14 15:25:31.5,100096,65.04022666,-146.5839467,0.85,POINT (519590.0641350077 7213002.259275658)
2017-11-14 15:25:32,100097,65.04021667,-146.583975,0.7923,POINT (519588.7389605243 7213001.137150711)
2017-11-14 15:25:32.5,100098,65.04022333,-146.5839833,0.7237,POINT (519588.3432694002 7213001.876813284)
2017-11-14 15:25:33,100099,65.04022833,-146.5839817,0.7878000000000001,POINT (519588.4149371091 7213002.434542847)
2017-11-14 15:25:33.5,100100,65.04023166,-146.584005,0.7754000000000001,POINT (519587.3154153116 7213002.798438728)
2017-11-14 15:25:34,100101,65.040235,-146.5840667,0.7822,POINT (519584.4078255027 7213003.151549133)
2017-11-14 15:25:34.5,100102,65.04023166,-146.58407,0.7440000000000001,POINT (519584.2548950995 7213002.778294426)
2017-11-14 15:25:35,100103,65.04023667,-146.5840867,0.7867000000000001,POINT (519583.4649022223 7213003.331467508)
2017-11-14 15:25:35.5,100104,65.04023333,-146.5841066,0.831,POINT (519582.5303619786 7213002.953069056)
2017-11-14 15:25:36,100105,65.04023,-146.584115,0.7759999999999999,POINT (519582.1372908557 7213002.579348641)
2017-11-14 15:25:36.5,100106,65.04021834,-146.5841533,0.7777,POINT (519580.3424887554 7213001.268012896)
2017-11-14 15:25:37,100107,65.04021667,-146.5842017,0.843,POINT (519578.064801687 7213001.066902143)
2017-11-14 15:25:37.5,100108,65.04022167,-146.5842133,0.753,POINT (519577.5149500734 7213001.620542274)
2017-11-14 15:25:38,100109,65.04022666,-146.58425,0.84,POINT (519575.7832741044 7213002.165292981)
2017-11-14 15:25:38.5,100110,65.04022167,-146.5842667,0.7282,POINT (519575.0006140248 7213001.604001009)
2017-11-14 15:25:39,100111,65.04021834,-146.5843,0.6698000000000001,POINT (519573.4351265078 7213001.222569412)
2017-11-14 15:25:39.5,100112,65.04022333,-146.5843083,0.7136,POINT (519573.0406634315 7213001.776117974)
2017-11-14 15:25:40,100113,65.04022167,-146.58432,0.6855,POINT (519572.4909864596 7213001.587492837)
2017-11-14 15:25:40.5,100114,65.04021,-146.5843516,0.6629999999999999,POINT (519571.0116561514 7213000.277123279)
2017-11-14 15:25:41,100115,65.04020833,-146.584365,0.622,POINT (519570.3819416578 7213000.086857613)
2017-11-14 15:25:41.5,100116,65.04021,-146.584395,0.6866,POINT (519568.9681686342 7213000.263683933)
2017-11-14 15:25:42,100117,65.03959666,-146.5834533,0.621,POINT (519613.7586199113 7212932.200878015)
2017-11-14 15:25:42.5,100118,65.03959834,-146.5834684,0.7667,POINT (519613.0463866207 7212932.383422243)
2017-11-14 15:25:43.25,100119,65.03958833,-146.5835283,0.6670999999999999,POINT (519610.23328445 7212931.24925248)
2017-11-14 15:25:43.75,100120,65.03958667,-146.5835433,0.7104,POINT (519609.5282126851 7212931.059596554)
2017-11-14 15:25:44.25,100121,65.03958833,-146.5835767,0.7384999999999999,POINT (519607.9543191956 7212931.234234948)
2017-11-14 15:25:45,100122,65.03957666,-146.5836016,0.797,POINT (519606.79044567 7212929.925926507)
2017-11-14 15:25:45.5,100123,65.039575,-146.5836033,0.81,POINT (519606.7116182771 7212929.740397549)
2017-11-14 15:25:46,100124,65.03957166,-146.5836383,0.848,POINT (519605.0660577462 7212929.357307516)
2017-11-14 15:25:46.5,100125,65.03957666,-146.5836733,0.7644,POINT (519603.4143737446 7212929.903683995)
2017-11-14 15:25:47,100126,65.03958,-146.5836783,0.6998000000000001,POINT (519603.1764912147 7212930.274365089)
2017-11-14 15:25:47.5,100127,65.03958167,-146.58369,0.804,POINT (519602.6243581168 7212930.456851979)
2017-11-14 15:25:48,100128,65.03957333,-146.583695,0.7026,POINT (519602.3950504955 7212929.525835496)
2017-11-14 15:25:48.5,100129,65.03957333,-146.5836967,0.7026,POINT (519602.3150041499 7212929.525308201)
2017-11-14 15:25:48.75,100130,65.03957666,-146.5837017,0.6677,POINT (519602.0771290694 7212929.89487491)
2017-11-14 15:25:49.25,100131,65.039575,-146.583735,0.747,POINT (519600.5103811559 7212929.699545166)
2017-11-14 15:25:49.75,100132,65.03958,-146.5837484,0.7453,POINT (519599.875757408 7212930.252622887)
2017-11-14 15:25:50.25,100133,65.03958,-146.5837933,0.797,POINT (519597.7615926628 7212930.238698637)
2017-11-14 15:25:51,100134,65.03958333,-146.5838016,0.847,POINT (519597.3683341805 7212930.607242396)
2017-11-14 15:25:51.5,100135,65.03959,-146.5838333,0.873,POINT (519595.8708107059 7212931.340762394)
2017-11-14 15:25:52,100136,65.03958,-146.5838333,0.7487,POINT (519595.878149676 7212930.226295224)
2017-11-14 15:25:52.5,100137,65.03957333,-146.5838384,0.693,POINT (519595.6429057278 7212929.481364274)
2017-11-14 15:25:53,100138,65.03957166,-146.5838533,0.5575,POINT (519594.9425485879 7212929.290628348)
2017-11-14 15:25:53.5,100139,65.03957666,-146.5838584,0.5834,POINT (519594.6987402671 7212929.846280657)
2017-11-14 15:25:54,100140,65.03958,-146.583885,0.5974,POINT (519593.4437996064 7212930.210265581)
2017-11-14 15:25:54.5,100141,65.03958,-146.5838917,0.6598,POINT (519593.1283229038 7212930.208188386)
2017-11-14 15:25:55,100142,65.03959167,-146.58392,0.6182,POINT (519591.7872241868 7212931.499998116)
2017-11-14 15:25:55.5,100143,65.03959,-146.5839383,0.5648,POINT (519590.9267746883 7212931.308209119)
2017-11-14 15:25:56,100144,65.03959334,-146.5839534,0.6267,POINT (519590.2133247104 7212931.67576036)
2017-11-14 15:25:56.5,100145,65.03959167,-146.5839667,0.6953,POINT (519589.5883054395 7212931.485521663)
2017-11-14 15:25:57,100146,65.039595,-146.5839916,0.8640000000000001,POINT (519588.4134197293 7212931.848921191)
2017-11-14 15:25:57.5,100147,65.03959666,-146.584025,0.963,POINT (519586.8395279851 7212932.023570752)
2017-11-14 15:25:58,100148,65.03959666,-146.5840167,1.074,POINT (519587.2303421676 7212932.026143175)
2017-11-14 15:25:58.5,100149,65.03959834,-146.5840234,1.03,POINT (519586.9136332746 7212932.211297123)
2017-11-14 15:25:59.25,100150,65.039605,-146.5840616,1.001,POINT (519585.1100613512 7212932.941693543)
2017-11-14 15:26:00,100151,65.03961,-146.5841284,0.888,POINT (519581.9610475532 7212933.478227479)
2017-11-14 15:26:00.75,100152,65.03961166,-146.5841417,0.914,POINT (519581.3335860799 7212933.659108094)
2017-11-14 15:26:01.25,100153,65.039605,-146.5841484,0.7689,POINT (519581.0229938002 7212932.914797023)
2017-11-14 15:26:01.75,100154,65.039605,-146.5841717,0.7998000000000001,POINT (519579.9258892564 7212932.90757806)
2017-11-14 15:26:02.25,100155,65.03960667,-146.584165,0.7475,POINT (519580.2401410382 7212933.09576988)
2017-11-14 15:26:02.75,100156,65.03960833,-146.5841867,0.8079999999999999,POINT (519579.2171569741 7212933.274048452)
2017-11-14 15:26:03.25,100157,65.03962,-146.584215,0.7408,POINT (519577.876065709 7212934.565864449)
2017-11-14 15:26:03.75,100158,65.03961667,-146.58423,0.7352,POINT (519577.1722171713 7212934.190100167)
2017-11-14 15:26:04.25,100159,65.03962,-146.5842384,0.7543000000000001,POINT (519576.7742531751 7212934.55861567)
2017-11-14 15:26:04.75,100160,65.03962,-146.5842433,0.7543000000000001,POINT (519576.543531747 7212934.557097813)
2017-11-14 15:26:05.25,100161,65.03962666,-146.5842617,0.711,POINT (519575.6722665153 7212935.293633436)
2017-11-14 15:26:06,100162,65.03963333,-146.5842933,0.7414000000000001,POINT (519574.1794594153 7212936.027195317)
2017-11-14 15:26:06.5,100163,65.03963333,-146.5843167,0.7548999999999999,POINT (519573.0776474255 7212936.019947905)
2017-11-14 15:26:07,100164,65.03964333,-146.5843416,0.893,POINT (519571.8978764493 7212937.126703584)
2017-11-14 15:26:07.5,100165,65.03964,-146.584325,0.953,POINT (519572.6819444575 7212936.760726974)
2017-11-14 15:26:08,100166,65.03963667,-146.58431,0.867,POINT (519573.3906750997 7212936.394255027)
2017-11-14 15:26:08.75,100167,65.03963333,-146.5843234,0.927,POINT (519572.7621713419 7212936.017872866)
2017-11-14 15:26:09.25,100168,65.03962834,-146.5843567,0.765,POINT (519571.1978656619 7212935.451440966)
2017-11-14 15:26:09.75,100169,65.03963667,-146.5843716,0.7768,POINT (519570.4901789305 7212936.375178016)
2017-11-14 15:26:10.25,100170,65.03963,-146.58438,0.7954000000000001,POINT (519570.0995453893 7212935.629227183)
2017-11-14 15:26:10.75,100171,65.03964,-146.58439,0.7386,POINT (519569.6213563459 7212936.74059782)
2017-11-14 15:26:11.25,100172,65.03964,-146.5844116,0.8590000000000001,POINT (519568.6042993702 7212936.733909444)
2017-11-14 15:26:12,100173,65.03963667,-146.5844284,0.7464,POINT (519567.815695438 7212936.357590027)
2017-11-14 15:26:12.5,100174,65.03964,-146.584435,0.7408,POINT (519567.5024876439 7212936.726664097)
2017-11-14 15:26:13,100175,65.03964,-146.5844483,0.7746,POINT (519566.8762442275 7212936.722546197)
2017-11-14 15:26:13.75,100176,65.03964834,-146.5844633,-0.0007000000000000001,POINT (519566.1638432177 7212937.647367779)
2017-11-14 15:26:14.25,100177,65.03964834,-146.58449,-0.0013,POINT (519564.9066481758 7212937.639101714)
2017-11-14 15:26:14.75,100178,65.03964,-146.5845067,-0.0013,POINT (519564.1264234979 7212936.704466148)
2017-11-14 15:26:15.25,100179,65.039635,-146.5845133,-0.0013,POINT (519563.8193195761 7212936.145189394)
2017-11-14 15:26:15.75,100180,65.03963166,-146.5845384,-0.0013,POINT (519562.6399085308 7212935.765187533)
2017-11-14 15:26:16.25,100181,65.03963667,-146.58455,-0.0013,POINT (519562.0900405953 7212936.319944954)
2017-11-14 15:26:16.75,100182,65.03964,-146.5845517,0.7576999999999999,POINT (519562.0075547757 7212936.690536336)
2017-11-14 15:26:17.25,100183,65.03964,-146.5845533,0.7633,POINT (519561.932217219 7212936.690041081)
2017-11-14 15:26:17.75,100184,65.03964167,-146.5845633,0.8029999999999999,POINT (519561.4601340437 7212936.873061812)
2017-11-14 15:26:18.25,100185,65.03964,-146.5845866,0.7071,POINT (519560.3642543608 7212936.679734034)
2017-11-14 15:26:19,100186,65.03964167,-146.5846067,0.8440000000000001,POINT (519559.4166029954 7212936.859629089)
2017-11-14 15:26:19.5,100187,65.039645,-146.58462,0.7352,POINT (519558.7879203486 7212937.226630483)
2017-11-14 15:26:20,100188,65.03965,-146.584665,0.45130000000000003,POINT (519556.6653898502 7212937.769938098)
2017-11-14 15:26:20.5,100189,65.03965334,-146.5846783,0.7453,POINT (519556.0367004151 7212938.138054541)
2017-11-14 15:26:21.25,100190,65.03966,-146.58468,0.6678000000000001,POINT (519555.9517764902 7212938.879763688)
2017-11-14 15:26:22,100191,65.03967167,-146.5846934,0.894,POINT (519555.3122780524 7212940.176200565)
2017-11-14 15:26:22.5,100192,65.039665,-146.5847167,0.679,POINT (519554.2200609048 7212939.425641415)
2017-11-14 15:26:23.25,100193,65.03967,-146.5847283,0.6823999999999999,POINT (519553.6702025408 7212939.979285922)
2017-11-14 15:26:24,100194,65.03970667,-146.5828366,0.5710000000000001,POINT (519642.7156530385 7212944.652667044)
2017-11-14 15:26:24.75,100195,65.03968833,-146.5828117,0.6065,POINT (519643.901583365 7212942.616473846)
2017-11-14 15:26:25.5,100196,65.03968667,-146.5828033,0.6931,POINT (519644.2983260413 7212942.434083312)
2017-11-14 15:26:26.25,100197,65.03968833,-146.5827933,0.6565000000000001,POINT (519644.7679635539 7212942.622193254)
2017-11-14 15:26:27,100198,65.03968833,-146.58279,0.4755,POINT (519644.9233469571 7212942.623219044)
2017-11-14 15:26:27.75,100199,65.03968833,-146.5827884,0.6890999999999999,POINT (519644.9986843643 7212942.6237164)
2017-11-14 15:26:28.5,100200,65.03968833,-146.5827833,0.7543000000000001,POINT (519645.2388223502 7212942.625301734)
2017-11-14 15:26:29.25,100201,65.03968833,-146.5827817,0.6457999999999999,POINT (519645.3141597572 7212942.625799098)
2017-11-14 15:26:30,100202,65.039685,-146.5827817,0.7559999999999999,POINT (519645.3166098117 7212942.254681557)
2017-11-14 15:26:30.75,100203,65.03968334,-146.5827733,0.6683,POINT (519645.7133526229 7212942.07229121)
2017-11-14 15:26:31.5,100204,65.03968166,-146.5827684,0.7948000000000001,POINT (519645.9453095801 7212941.88658396)
2017-11-14 15:26:32.25,100205,65.03967834,-146.582755,0.7881,POINT (519646.5787033769 7212941.520746516)
2017-11-14 15:26:32.75,100206,65.03965666,-146.5826966,0.6267,POINT (519649.3444741211 7212939.122738146)
2017-11-14 15:26:33.5,100207,65.03965,-146.5826933,0.5795,POINT (519649.5047588532 7212938.3815291)
2017-11-14 15:26:34.25,100208,65.039635,-146.5826534,0.6082,POINT (519651.3945278034 7212936.722234764)
2017-11-14 15:26:34.75,100209,65.03963333,-146.5826467,0.593,POINT (519651.7112329261 7212936.53820214)
2017-11-14 15:26:35.5,100210,65.039625,-146.582635,0.647,POINT (519652.2682698136 7212935.613489289)
2017-11-14 15:26:36.25,100211,65.03961833,-146.5825983,0.5947,POINT (519654.0012352935 7212934.881552592)
2017-11-14 15:26:36.75,100212,65.039615,-146.5825883,0.6531,POINT (519654.4745465066 7212934.513545002)
2017-11-14 15:26:37.5,100213,65.039605,-146.5825783,0.715,POINT (519654.9527676913 7212933.402187956)
2017-11-14 15:26:38.25,100214,65.039605,-146.5825733,0.8320000000000001,POINT (519655.1881978202 7212933.403742994)
2017-11-14 15:26:39,100215,65.0396,-146.5825616,0.805,POINT (519655.7427850206 7212932.850148323)
2017-11-14 15:26:39.75,100216,65.03959834,-146.5825434,0.7364,POINT (519656.6009728952 7212932.670807436)
2017-11-14 15:26:40.25,100217,65.03959334,-146.5825117,0.7735,POINT (519658.0972814173 7212932.123433978)
2017-11-14 15:26:41,100218,65.03958333,-146.5825017,0.809,POINT (519658.5755116942 7212931.010963052)
2017-11-14 15:26:41.75,100219,65.039575,-146.582465,0.6936,POINT (519660.3097036915 7212930.094028502)
2017-11-14 15:26:42.5,100220,65.03956667,-146.58246,0.5716,POINT (519660.5512676185 7212929.167232915)
2017-11-14 15:26:43.25,100221,65.03956,-146.5824534,0.5428999999999999,POINT (519660.8669471556 7212928.425936633)
2017-11-14 15:26:44,100222,65.03955667,-146.5824233,0.625,POINT (519662.2866910613 7212928.06418352)
2017-11-14 15:26:44.75,100223,65.03955667,-146.582415,0.6446999999999999,POINT (519662.6775057779 7212928.066765851)
2017-11-14 15:26:45.25,100224,65.039555,-146.5824083,0.5778,POINT (519662.9942125224 7212927.882734426)
2017-11-14 15:26:45.75,100225,65.03954166,-146.582395,0.5503,POINT (519663.6302818479 7212926.400173531)
2017-11-14 15:26:46.25,100226,65.03954166,-146.5823917,0.5379,POINT (519663.7856660996 7212926.401200308)
2017-11-14 15:26:47,100227,65.03953667,-146.5823733,0.5221,POINT (519664.6557260078 7212925.85080645)
2017-11-14 15:26:47.75,100228,65.03953833,-146.58235,0.6245,POINT (519665.7516105873 7212926.043058174)
2017-11-14 15:26:48.5,100229,65.03954166,-146.58234,0.5677,POINT (519666.2200193676 7212926.417287489)
2017-11-14 15:26:49,100230,65.03954,-146.5823417,0.6177,POINT (519666.1411955698 7212926.231756954)
2017-11-14 15:26:49.5,100231,65.039535,-146.582325,0.3703,POINT (519666.9312168822 7212925.679720287)
2017-11-14 15:26:50.25,100232,65.03954,-146.5823034,0.5283,POINT (519667.9445947108 7212926.243675774)
2017-11-14 15:26:51,100233,65.03953333,-146.582295,0.467,POINT (519668.3450314677 7212925.502940469)
2017-11-14 15:26:51.5,100234,65.03952666,-146.5822634,0.6194,POINT (519669.8378673969 7212924.769425795)
2017-11-14 15:26:52,100235,65.039525,-146.5822533,0.6886,POINT (519670.3146605348 7212924.58756784)
2017-11-14 15:26:52.5,100236,65.03952334,-146.5822483,0.6998000000000001,POINT (519670.5513142711 7212924.404122565)
2017-11-14 15:26:53,100237,65.03952,-146.5822317,0.7785,POINT (519671.3354053167 7212924.037057463)
2017-11-14 15:26:53.5,100238,65.03951166,-146.582235,0.6779000000000001,POINT (519671.1861651452 7212923.106564809)
2017-11-14 15:26:54.25,100239,65.03951,-146.582215,2.887,POINT (519672.1291119322 7212922.927788672)
2017-11-14 15:26:54.75,100240,65.03951,-146.582205,2.885,POINT (519672.5999738523 7212922.930901476)
2017-11-14 15:26:55.25,100241,65.03951166,-146.582195,2.884,POINT (519673.0696127053 7212923.119015881)
2017-11-14 15:26:56,100242,65.03951,-146.5821833,2.885,POINT (519673.6217442155 7212922.93765652)
2017-11-14 15:26:56.5,100243,65.03950333,-146.5821566,2.885,POINT (519674.8838603472 7212922.202619015)
2017-11-14 15:26:57,100244,65.03950167,-146.58216,2.886,POINT (519674.7249904228 7212922.016559009)
2017-11-14 15:26:57.5,100245,65.039495,-146.58214,2.886,POINT (519675.6716295563 7212921.279436023)
2017-11-14 15:26:58,100246,65.03949166,-146.5821267,2.887,POINT (519676.3003375227 7212920.911344836)
2017-11-14 15:26:58.5,100247,65.03949,-146.5821084,2.888,POINT (519677.1632387374 7212920.732041012)
2017-11-14 15:26:59,100248,65.03947667,-146.5820717,2.89,POINT (519678.9011275088 7212919.257883794)
2017-11-14 15:26:59.5,100249,65.03948166,-146.5820817,2.89,POINT (519678.4265874498 7212919.810889021)
2017-11-14 15:27:00,100250,65.039475,-146.582085,2.891,POINT (519678.2761111358 7212919.067626466)
2017-11-14 15:27:00.75,100251,65.03947834,-146.5820684,2.89,POINT (519679.0552813301 7212919.445027351)
2017-11-14 15:27:01.25,100252,65.03946667,-146.5820584,2.8930000000000002,POINT (519679.5347448986 7212918.147558276)
2017-11-14 15:27:02,100253,65.03946667,-146.5820366,2.8930000000000002,POINT (519680.5612255344 7212918.154346839)
2017-11-14 15:27:02.5,100254,65.039465,-146.582025,2.8939999999999997,POINT (519681.1086571728 7212917.971843259)
2017-11-14 15:27:03.25,100255,65.03946667,-146.58202,2.8939999999999997,POINT (519681.3428575773 7212918.159516348)
2017-11-14 15:27:03.75,100256,65.03946167,-146.5819966,2.895,POINT (519682.4483619148 7212917.609570346)
2017-11-14 15:27:04.5,100257,65.039455,-146.582,2.895,POINT (519682.2931852281 7212916.865161978)
2017-11-14 15:27:05.25,100258,65.03945666,-146.581995,2.895,POINT (519682.527393018 7212917.051720694)
2017-11-14 15:27:06,100259,65.03945,-146.5819683,2.895,POINT (519683.7895064838 7212916.317801431)
2017-11-14 15:27:06.75,100260,65.039445,-146.5819683,2.895,POINT (519683.793192409 7212915.760567944)
2017-11-14 15:27:07.5,100261,65.039445,-146.5819517,2.8960000000000004,POINT (519684.5748250831 7212915.765738301)
2017-11-14 15:27:08.25,100262,65.03944333,-146.5819316,2.8960000000000004,POINT (519685.5224910312 7212915.585883085)
2017-11-14 15:27:09,100263,65.03944333,-146.5819083,2.8960000000000004,POINT (519686.6196020146 7212915.593140971)
2017-11-14 15:27:09.75,100264,65.03943666,-146.5819,2.8960000000000004,POINT (519687.0153362022 7212914.852377024)
2017-11-14 15:27:10.5,100265,65.03943334,-146.5818883,2.8960000000000004,POINT (519687.5686940693 7212914.486018734)
2017-11-14 15:27:11.25,100266,65.03943334,-146.5818883,2.8960000000000004,POINT (519687.5686940693 7212914.486018734)
2017-11-14 15:27:12,100267,65.03943334,-146.5818716,2.8960000000000004,POINT (519688.3550357109 7212914.491221238)
2017-11-14 15:27:12.5,100268,65.03943,-146.581865,2.898,POINT (519688.6682682679 7212914.121045408)
2017-11-14 15:27:13,100269,65.03942,-146.5818416,2.898,POINT (519689.7774625118 7212913.013868644)
2017-11-14 15:27:13.75,100270,65.03942,-146.58184,2.898,POINT (519689.8528006701 7212913.014367136)
2017-11-14 15:27:14.5,100271,65.03942,-146.58183,2.898,POINT (519690.3236641616 7212913.017482742)
2017-11-14 15:27:15,100272,65.03942167,-146.5818117,2.898,POINT (519691.1841127904 7212913.209300477)
2017-11-14 15:27:15.75,100273,65.03942334,-146.5818084,2.898,POINT (519691.3382661634 7212913.396444672)
2017-11-14 15:27:16.5,100274,65.03942,-146.5817933,2.898,POINT (519692.0517331739 7212913.02891766)
2017-11-14 15:27:17,100275,65.039425,-146.58176,2.8989999999999996,POINT (519693.6160208335 7212913.596527554)
2017-11-14 15:27:17.75,100276,65.03943,-146.5817533,2.898,POINT (519693.9278114921 7212914.155848881)
2017-11-14 15:27:18.25,100277,65.03942667,-146.581745,2.8989999999999996,POINT (519694.3210841772 7212913.78731787)
2017-11-14 15:27:18.75,100278,65.039425,-146.5817283,2.8989999999999996,POINT (519695.1086578115 7212913.606406175)
2017-11-14 15:27:19.5,100279,65.03942167,-146.5817217,2.8989999999999996,POINT (519695.4218839296 7212913.237345522)
2017-11-14 15:27:20.25,100280,65.03941833,-146.58172,2.8989999999999996,POINT (519695.5043943781 7212912.865643359)
2017-11-14 15:27:20.75,100281,65.03941333,-146.58173,2.898,POINT (519695.0372188869 7212912.305293455)
2017-11-14 15:27:21.5,100282,65.03941333,-146.58173,2.8989999999999996,POINT (519695.0372188869 7212912.305293455)
2017-11-14 15:27:22.25,100283,65.039405,-146.581705,2.8989999999999996,POINT (519696.2205225167 7212911.384733696)
2017-11-14 15:27:23,100284,65.03939333,-146.5816917,2.8989999999999996,POINT (519696.8553799439 7212910.088295885)
2017-11-14 15:27:23.75,100285,65.03938667,-146.5816933,2.8989999999999996,POINT (519696.7849545899 7212909.345562235)
2017-11-14 15:27:24.5,100286,65.03937833,-146.5817084,2.9,POINT (519696.0801017806 7212908.411390722)
2017-11-14 15:27:25.25,100287,65.039375,-146.581705,2.9,POINT (519696.2426519871 7212908.041332862)
2017-11-14 15:27:25.75,100288,65.03937,-146.58171,2.9,POINT (519696.0109080475 7212907.48254111)
2017-11-14 15:27:26.5,100289,65.03936333,-146.5816983,2.9,POINT (519696.5667395546 7212906.742838067)
2017-11-14 15:27:27.25,100290,65.03935833,-146.5816966,2.9,POINT (519696.6504748361 7212906.186134425)
2017-11-14 15:27:27.75,100291,65.03935,-146.5817017,2.9,POINT (519696.4164785654 7212905.256193987)
2017-11-14 15:27:28.5,100292,65.03934167,-146.581685,2.9,POINT (519697.2089675583 7212904.333047866)
2017-11-14 15:27:29,100293,65.039335,-146.5816866,2.9,POINT (519697.138549512 7212903.589199742)
2017-11-14 15:27:29.75,100294,65.03933333,-146.5816917,2.9,POINT (519696.8996402823 7212903.40149425)
2017-11-14 15:27:30.25,100295,65.03932667,-146.5817066,2.9,POINT (519696.2029641316 7212902.654615494)
2017-11-14 15:27:31,100296,65.03931834,-146.5817084,2.9,POINT (519696.12435297 7212901.725703557)
2017-11-14 15:27:31.75,100297,65.03932333,-146.5816933,2.9,POINT (519696.8316785718 7212902.286528645)
2017-11-14 15:27:32.5,100298,65.039315,-146.5816933,2.9,POINT (519696.8378233564 7212901.35817769)
2017-11-14 15:27:33.25,100299,65.03930833,-146.5817,2.9,POINT (519696.5272637538 7212900.612740093)
2017-11-14 15:27:34,100300,65.039305,-146.5816866,2.9,POINT (519697.160679943 7212900.245798947)
2017-11-14 15:27:34.5,100301,65.03929667,-146.5816866,2.9,POINT (519697.166824825 7212899.317447994)
2017-11-14 15:27:35.25,100302,65.03929333,-146.58168,2.9,POINT (519697.4800600536 7212898.947273093)
2017-11-14 15:27:36,100303,65.039295,-146.5816783,2.9,POINT (519697.5588752752 7212899.133918923)
2017-11-14 15:27:36.75,100304,65.03928666,-146.5816783,2.9,POINT (519697.5650276556 7212898.204453507)
2017-11-14 15:27:37.5,100305,65.03927833,-146.58168,2.9,POINT (519697.4911254406 7212897.275572704)
2017-11-14 15:27:38,100306,65.03927667,-146.5816884,2.9,POINT (519697.0968225598 7212897.087953131)
2017-11-14 15:27:38.75,100307,65.039265,-146.58169,2.9,POINT (519697.030092661 7212895.786871555)
2017-11-14 15:27:39.25,100308,65.03926,-146.5816933,2.9,POINT (519696.8783951526 7212895.228609584)
2017-11-14 15:27:40,100309,65.03926166,-146.5816983,2.9,POINT (519696.6417374831 7212895.412052765)
2017-11-14 15:27:40.75,100310,65.03925834,-146.581695,2.9,POINT (519696.799572406 7212895.043078241)
2017-11-14 15:27:41.5,100311,65.03924833,-146.5816933,2.9,POINT (519696.8870037477 7212893.928026685)
2017-11-14 15:27:42.25,100312,65.03924833,-146.5817,2.9,POINT (519696.5715231829 7212893.925938528)
2017-11-14 15:27:43,100313,65.03924667,-146.5816966,2.9,POINT (519696.7328423195 7212893.741996676)
2017-11-14 15:27:43.75,100314,65.03923666,-146.5817017,2.9,POINT (519696.5000842974 7212892.624825802)
2017-11-14 15:27:44.5,100315,65.03923666,-146.5817117,2.9,POINT (519696.0292175778 7212892.621709223)
2017-11-14 15:27:45.25,100316,65.03923334,-146.5817017,2.9,POINT (519696.5025333083 7212892.254822785)
2017-11-14 15:27:45.75,100317,65.03922333,-146.5817033,2.9,POINT (519696.434578511 7212891.138742738)
2017-11-14 15:27:46.25,100318,65.03921666,-146.581715,2.9,POINT (519695.8885841675 7212890.391746924)
2017-11-14 15:27:47,100319,65.03920667,-146.58171,2.9,POINT (519696.1313867196 7212889.279952744)
2017-11-14 15:27:47.75,100320,65.03919667,-146.581725,2.9,POINT (519695.4324619698 7212888.16081107)
2017-11-14 15:27:48.5,100321,65.03918166,-146.5817133,2.9,POINT (519695.9944487331 7212886.491642524)
2017-11-14 15:27:49,100322,65.03918,-146.5817183,2.9,POINT (519695.7602393433 7212886.30508276)
2017-11-14 15:27:49.5,100323,65.03917,-146.5817233,2.9,POINT (519695.5321816379 7212885.189057605)
2017-11-14 15:27:50.25,100324,65.03917333,-146.58173,2.9,POINT (519695.2142439281 7212885.558087074)
2017-11-14 15:27:51,100325,65.03916,-146.5817267,2.9,POINT (519695.3794626479 7212884.0735311)
2017-11-14 15:27:51.75,100326,65.03915167,-146.58174,2.9,POINT (519694.7593522001 7212883.141035365)
2017-11-14 15:27:52.5,100327,65.03915,-146.5817417,2.9,POINT (519694.6805363653 7212882.954389616)
2017-11-14 15:27:53.25,100328,65.03914167,-146.5817467,2.9,POINT (519694.451246232 7212882.024480521)
2017-11-14 15:27:54,100329,65.03913667,-146.5817517,2.9,POINT (519694.2194998594 7212881.46568893)
2017-11-14 15:27:54.5,100330,65.03913333,-146.5817584,2.9,POINT (519693.9064814018 7212881.091369108)
2017-11-14 15:27:55.25,100331,65.03912834,-146.5817533,2.9,POINT (519694.1503047959 7212880.536839395)
2017-11-14 15:27:56,100332,65.03913,-146.5817467,2.9,POINT (519694.4598537197 7212880.723897636)
2017-11-14 15:27:56.5,100333,65.03912333,-146.5817584,2.9,POINT (519693.9138569343 7212879.976902197)
2017-11-14 15:27:57.25,100334,65.03911834,-146.5817566,2.9010000000000002,POINT (519694.0022937109 7212879.421344127)
2017-11-14 15:27:58,100335,65.03911334,-146.5817566,2.9,POINT (519694.0059814927 7212878.864110674)
2017-11-14 15:27:58.5,100336,65.03911,-146.581755,2.9,POINT (519694.0837839645 7212878.492377322)
2017-11-14 15:27:59,100337,65.03910833,-146.5817566,2.9,POINT (519694.0096766499 7212878.305762752)
2017-11-14 15:27:59.5,100338,65.03910667,-146.5817483,2.9,POINT (519694.4017222751 7212878.123347734)
2017-11-14 15:28:00.25,100339,65.03910167,-146.5817533,2.9010000000000002,POINT (519694.1699755788 7212877.564556148)
2017-11-14 15:28:01,100340,65.03908833,-146.5817566,2.9010000000000002,POINT (519694.0244277747 7212876.076828941)
2017-11-14 15:28:01.75,100341,65.03908334,-146.5817467,2.9010000000000002,POINT (519694.494268911 7212875.523795052)
2017-11-14 15:28:02.5,100342,65.039075,-146.581735,2.9010000000000002,POINT (519695.0513376744 7212874.597975774)
2017-11-14 15:28:03.25,100343,65.03907,-146.5817283,2.9010000000000002,POINT (519695.3705083168 7212874.042830318)
2017-11-14 15:28:04,100344,65.03906833,-146.5817283,2.9010000000000002,POINT (519695.3717401187 7212873.856714346)
2017-11-14 15:28:04.75,100345,65.03906334,-146.5817283,2.9010000000000002,POINT (519695.3754207724 7212873.300595362)
2017-11-14 15:28:05.5,100346,65.03906166,-146.581715,2.9,POINT (519696.0029167944 7212873.11750985)
2017-11-14 15:28:06.25,100347,65.03905833,-146.581705,2.9010000000000002,POINT (519696.476242966 7212872.749508943)
2017-11-14 15:28:07.25,100348,65.03904666,-146.5817033,2.9010000000000002,POINT (519696.5648992175 7212871.449455903)
2017-11-14 15:28:08,100349,65.03905,-146.5816933,2.9010000000000002,POINT (519697.0333054776 7212871.824804508)
2017-11-14 15:28:08.75,100350,65.03904,-146.58168,2.9010000000000002,POINT (519697.6669395021 7212870.714482886)
2017-11-14 15:28:09.5,100351,65.03903667,-146.58168,2.9010000000000002,POINT (519697.669396013 7212870.343365412)
2017-11-14 15:28:10,100352,65.03903667,-146.5816833,2.9010000000000002,POINT (519697.5140088328 7212870.342336874)
2017-11-14 15:28:10.75,100353,65.03903,-146.5816817,2.9010000000000002,POINT (519697.5942684514 7212869.599486141)
2017-11-14 15:28:11.5,100354,65.03902,-146.5816817,2.9,POINT (519697.6016453302 7212868.485019255)
2017-11-14 15:28:12.25,100355,65.03901667,-146.581675,2.9010000000000002,POINT (519697.919585131 7212868.115990044)
2017-11-14 15:28:12.75,100356,65.03900834,-146.5816817,2.9010000000000002,POINT (519697.6102467701 7212867.185550863)
2017-11-14 15:28:13.5,100357,65.03900666,-146.58168,2.9010000000000002,POINT (519697.6915341156 7212866.998850282)
2017-11-14 15:28:14,100358,65.038995,-146.5816783,2.9010000000000002,POINT (519697.780183657 7212865.699911754)
2017-11-14 15:28:14.5,100359,65.03899,-146.581675,2.9010000000000002,POINT (519697.9392595783 7212865.143706867)
2017-11-14 15:28:15.25,100360,65.038985,-146.5816684,2.9,POINT (519698.2537230384 7212864.588530553)
2017-11-14 15:28:16,100361,65.03897666,-146.58166,2.9,POINT (519698.6554074447 7212863.661683389)
2017-11-14 15:28:16.75,100362,65.038975,-146.5816583,2.9010000000000002,POINT (519698.7366801957 7212863.477211769)
2017-11-14 15:28:17.25,100363,65.038965,-146.58164,2.9,POINT (519699.6057523451 7212862.368449064)
2017-11-14 15:28:18,100364,65.03896667,-146.5816433,2.9,POINT (519699.4491326959 7212862.553536392)
2017-11-14 15:28:18.5,100365,65.03896166,-146.58164,2.9,POINT (519699.608216467 7212861.996217128)
2017-11-14 15:28:19,100366,65.03895167,-146.58164,2.9010000000000002,POINT (519699.6155866993 7212860.88286472)
2017-11-14 15:28:19.5,100367,65.03895167,-146.5816217,2.9010000000000002,POINT (519700.4772819884 7212860.888569145)
2017-11-14 15:28:20,100368,65.03894334,-146.58162,2.9010000000000002,POINT (519700.5634760277 7212859.960748173)
2017-11-14 15:28:20.5,100369,65.03894167,-146.5816167,2.9010000000000002,POINT (519700.7200958797 7212859.775660902)
2017-11-14 15:28:21,100370,65.03893667,-146.5816183,2.9010000000000002,POINT (519700.6484453689 7212859.217928705)
2017-11-14 15:28:21.75,100371,65.03893,-146.5816083,2.9010000000000002,POINT (519701.1242386129 7212858.477696607)
2017-11-14 15:28:22.5,100372,65.03892833,-146.58163,2.9010000000000002,POINT (519700.1036781929 7212858.284816186)
2017-11-14 15:28:23,100373,65.03891333,-146.5816267,2.9010000000000002,POINT (519700.2701327676 7212856.614144558)
2017-11-14 15:28:23.5,100374,65.03890667,-146.5816234,2.9010000000000002,POINT (519700.4304343462 7212855.872938306)
2017-11-14 15:28:24,100375,65.03890667,-146.5816234,2.9010000000000002,POINT (519700.4304343462 7212855.872938306)
2017-11-14 15:28:24.5,100376,65.03890167,-146.58162,2.9010000000000002,POINT (519700.5942199896 7212855.316764738)
2017-11-14 15:28:25.25,100377,65.03889334,-146.5816117,2.9010000000000002,POINT (519700.9911902282 7212854.391001189)
2017-11-14 15:28:26,100378,65.03889334,-146.581615,2.9010000000000002,POINT (519700.8358022147 7212854.389972478)
2017-11-14 15:28:26.75,100379,65.038895,-146.5816133,2.9010000000000002,POINT (519700.9146258245 7212854.575503918)
2017-11-14 15:28:27.25,100380,65.03889166,-146.5816067,2.9010000000000002,POINT (519701.2278661498 7212854.205329427)
2017-11-14 15:28:28,100381,65.03889334,-146.5816083,2.9010000000000002,POINT (519701.1512869704 7212854.392061081)
2017-11-14 15:28:28.5,100382,65.03888,-146.5815967,2.9010000000000002,POINT (519701.7073421291 7212852.90897846)
2017-11-14 15:28:29,100383,65.03888167,-146.5816067,2.9010000000000002,POINT (519701.2352369646 7212853.091977032)
2017-11-14 15:28:29.5,100384,65.03888333,-146.5816283,2.9010000000000002,POINT (519700.2169266181 7212853.270245212)
2017-11-14 15:28:30.25,100385,65.038875,-146.5816183,2.9010000000000002,POINT (519700.6939454305 7212852.345011553)
2017-11-14 15:28:31,100386,65.03886,-146.5816334,2.9010000000000002,POINT (519699.9939936397 7212850.668604266)
2017-11-14 15:28:31.75,100387,65.038855,-146.5816334,2.9010000000000002,POINT (519699.9976824999 7212850.111370837)
2017-11-14 15:28:32.5,100388,65.03885333,-146.5816383,2.9010000000000002,POINT (519699.7681865742 7212849.923727471)
2017-11-14 15:28:33.25,100389,65.03885,-146.581625,2.9010000000000002,POINT (519700.3969051286 7212849.556755849)
2017-11-14 15:28:34,100390,65.03884166,-146.5816366,2.9010000000000002,POINT (519699.8568447979 7212848.623674561)
2017-11-14 15:28:34.75,100391,65.03883666,-146.5816383,2.9010000000000002,POINT (519699.7804850887 7212848.065911219)
2017-11-14 15:28:35.5,100392,65.03883,-146.5816417,2.9010000000000002,POINT (519699.6253014695 7212847.322616477)
2017-11-14 15:28:36.25,100393,65.03882,-146.5816433,2.9010000000000002,POINT (519699.5573391915 7212846.207650888)
2017-11-14 15:28:37,100394,65.03881167,-146.5816366,2.9010000000000002,POINT (519699.8789704063 7212845.281388467)
2017-11-14 15:28:38,100395,65.03880834,-146.5816516,2.9010000000000002,POINT (519699.1751157617 7212844.905595378)
2017-11-14 15:28:38.75,100396,65.03880167,-146.5816366,2.9010000000000002,POINT (519699.8863480671 7212844.166921614)
2017-11-14 15:28:39.5,100397,65.0388,-146.5816334,2.9010000000000002,POINT (519700.0382599517 7212843.98180314)
2017-11-14 15:28:40.25,100398,65.03879333,-146.581625,2.9010000000000002,POINT (519700.4387154969 7212843.241072197)
2017-11-14 15:28:41,100399,65.038795,-146.58165,2.9010000000000002,POINT (519699.2602971286 7212843.419395319)
2017-11-14 15:28:41.75,100400,65.038785,-146.5816466,2.9010000000000002,POINT (519699.4277719444 7212842.305988269)
2017-11-14 15:28:42.25,100401,65.03877667,-146.5816433,2.9010000000000002,POINT (519699.5893060816 7212841.378666022)
2017-11-14 15:28:43,100402,65.038775,-146.5816417,2.9010000000000002,POINT (519699.6658781079 7212841.193048796)
2017-11-14 15:28:43.75,100403,65.03876667,-146.5816366,2.9010000000000002,POINT (519699.9121698752 7212840.266287647)
2017-11-14 15:28:44.25,100404,65.03876,-146.5816433,2.9010000000000002,POINT (519699.6016044414 7212839.520849788)
2017-11-14 15:28:45,100405,65.03875833,-146.581635,2.9010000000000002,POINT (519699.9936628661 7212839.337321041)
2017-11-14 15:28:45.5,100406,65.03875833,-146.5816366,2.9010000000000002,POINT (519699.918322842 7212839.336822297)
2017-11-14 15:28:46.25,100407,65.03875166,-146.5816466,2.9010000000000002,POINT (519699.4523684698 7212838.590355803)
2017-11-14 15:28:46.75,100408,65.03875334,-146.5816633,2.9010000000000002,POINT (519698.6647674 7212838.772380828)
2017-11-14 15:28:47.25,100409,65.03874833,-146.5816583,2.9010000000000002,POINT (519698.9039010352 7212838.215591421)
2017-11-14 15:28:47.75,100410,65.03874333,-146.58166,2.9010000000000002,POINT (519698.8275408518 7212837.657828114)
2017-11-14 15:28:48.5,100411,65.03872834,-146.5816516,2.9010000000000002,POINT (519699.2341349133 7212835.989860602)
2017-11-14 15:28:49.25,100412,65.038725,-146.581655,2.9010000000000002,POINT (519699.0765012088 7212835.616568887)
2017-11-14 15:28:50,100413,65.03871667,-146.5816366,2.9010000000000002,POINT (519699.9490581594 7212834.693953439)
2017-11-14 15:28:50.75,100414,65.03871167,-146.5816466,2.9010000000000002,POINT (519699.4818710119 7212834.133602907)
2017-11-14 15:28:51.25,100415,65.03869666,-146.5816317,2.9010000000000002,POINT (519700.194550204 7212832.465432713)
2017-11-14 15:28:51.75,100416,65.03869666,-146.5816217,2.9010000000000002,POINT (519700.6654264444 7212832.468549938)
2017-11-14 15:28:52.25,100417,65.03869,-146.5816267,2.9010000000000002,POINT (519700.4349019586 7212831.724756404)
2017-11-14 15:28:53,100418,65.03868167,-146.5816366,2.9010000000000002,POINT (519699.9748799494 7212830.793319515)
2017-11-14 15:28:53.75,100419,65.03868,-146.58164,2.9010000000000002,POINT (519699.8160139969 7212830.606143726)
2017-11-14 15:28:54.25,100420,65.038675,-146.5816334,2.9010000000000002,POINT (519700.1304813645 7212830.050967632)
2017-11-14 15:28:54.75,100421,65.03866666,-146.5816417,2.9010000000000002,POINT (519699.7458066541 7212829.118915064)
2017-11-14 15:28:55.5,100422,65.03866167,-146.581635,2.9010000000000002,POINT (519700.0649755512 7212828.5648846)
2017-11-14 15:28:56.25,100423,65.03865333,-146.58164,2.9010000000000002,POINT (519699.8356900356 7212827.633860691)
2017-11-14 15:28:57,100424,65.03865,-146.581635,2.9010000000000002,POINT (519700.0735853036 7212827.26430181)
2017-11-14 15:28:57.75,100425,65.03864666,-146.581635,2.9010000000000002,POINT (519700.0760494485 7212826.89206989)
2017-11-14 15:28:58.5,100426,65.03864833,-146.5816334,2.9010000000000002,POINT (519700.1501577128 7212827.078684597)
2017-11-14 15:28:59.25,100427,65.03864167,-146.58164,2.9010000000000002,POINT (519699.8442923069 7212826.334392368)
2017-11-14 15:28:59.75,100428,65.03864,-146.5816516,2.9010000000000002,POINT (519699.2993067662 7212826.144660586)
2017-11-14 15:29:00.25,100429,65.03863834,-146.5816567,2.9010000000000002,POINT (519699.0603840041 7212825.958069408)
2017-11-14 15:29:01,100430,65.03863334,-146.5816583,2.9010000000000002,POINT (519698.9887322753 7212825.400337275)
2017-11-14 15:29:01.75,100431,65.03862167,-146.5816583,2.9010000000000002,POINT (519698.9973415462 7212824.099754488)
2017-11-14 15:29:02.25,100432,65.03862,-146.5816583,2.9010000000000002,POINT (519698.9985735498 7212823.913638528)
2017-11-14 15:29:02.75,100433,65.03861,-146.5816516,2.9010000000000002,POINT (519699.3214389219 7212822.801260111)
2017-11-14 15:29:03.25,100434,65.0386,-146.5816567,2.9010000000000002,POINT (519699.0886685529 7212821.685203601)
2017-11-14 15:29:04,100435,65.03859333,-146.581655,2.9010000000000002,POINT (519699.1736384779 7212820.942384125)
2017-11-14 15:29:04.75,100436,65.03858334,-146.5816583,2.9010000000000002,POINT (519699.0256186056 7212819.828003157)
2017-11-14 15:29:05.5,100437,65.038585,-146.5816533,2.9010000000000002,POINT (519699.2598330844 7212820.014563159)
2017-11-14 15:29:06.25,100438,65.03858667,-146.58166,2.9010000000000002,POINT (519698.9431126863 7212820.19859072)
2017-11-14 15:29:07,100439,65.03858667,-146.5816684,2.9010000000000002,POINT (519698.5475750133 7212820.195972478)
2017-11-14 15:29:07.5,100440,65.038585,-146.5816767,2.9010000000000002,POINT (519698.1579780719 7212820.007269494)
2017-11-14 15:29:08.25,100441,65.03857,-146.5816716,2.9010000000000002,POINT (519698.4091915047 7212818.337158876)
2017-11-14 15:29:09,100442,65.03857,-146.581695,2.9010000000000002,POINT (519697.3073358716 7212818.329865529)
2017-11-14 15:29:09.75,100443,65.03856333,-146.5816817,2.9010000000000002,POINT (519697.9385246048 7212817.590661475)
2017-11-14 15:29:10.25,100444,65.038555,-146.5816917,2.9010000000000002,POINT (519697.4737907803 7212816.659193821)
2017-11-14 15:29:11,100445,65.03854167,-146.58169,2.9010000000000002,POINT (519697.5636733113 7212815.174139403)
2017-11-14 15:29:11.5,100446,65.038535,-146.5817017,2.9010000000000002,POINT (519697.0176650328 7212814.427143468)
2017-11-14 15:29:12.25,100447,65.03852167,-146.5816966,2.9010000000000002,POINT (519697.26764636 7212812.943148719)
2017-11-14 15:29:13,100448,65.03851833,-146.5816983,2.9010000000000002,POINT (519697.190060643 7212812.570386965)
2017-11-14 15:29:13.75,100449,65.03851,-146.581695,2.9010000000000002,POINT (519697.3515955598 7212811.643064626)
2017-11-14 15:29:14.25,100450,65.03851167,-146.58169,2.9010000000000002,POINT (519697.5858034174 7212811.83073896)
2017-11-14 15:29:14.75,100451,65.038505,-146.5816817,2.9010000000000002,POINT (519697.9815537644 7212811.089976543)
2017-11-14 15:29:15.25,100452,65.03851,-146.581695,2.9010000000000002,POINT (519697.3515955598 7212811.643064626)
2017-11-14 15:29:16,100453,65.03850333,-146.5816917,2.9010000000000002,POINT (519697.5119060458 7212810.900743789)
2017-11-14 15:29:16.5,100454,65.03849834,-146.5817,2.9010000000000002,POINT (519697.1247568192 7212810.342037967)
2017-11-14 15:29:17.25,100455,65.03849,-146.5817166,2.9010000000000002,POINT (519696.3492482282 7212809.40739903)
2017-11-14 15:29:18,100456,65.03848333,-146.5817283,2.9,POINT (519695.8032385663 7212808.660403327)
2017-11-14 15:29:18.5,100457,65.03848333,-146.5817267,2.9010000000000002,POINT (519695.8785793692 7212808.660901967)
2017-11-14 15:29:19.25,100458,65.03847666,-146.5817317,2.9010000000000002,POINT (519695.6480591333 7212807.91599436)
2017-11-14 15:29:20,100459,65.03847333,-146.5817233,2.9010000000000002,POINT (519696.0460546819 7212807.547494771)
2017-11-14 15:29:20.5,100460,65.03846834,-146.5817233,2.9010000000000002,POINT (519696.0497353615 7212806.991375831)
2017-11-14 15:29:21.25,100461,65.03846167,-146.581715,2.9010000000000002,POINT (519696.4454859491 7212806.250613214)
2017-11-14 15:29:22,100462,65.03845167,-146.5817117,2.9010000000000002,POINT (519696.6082527922 7212805.137174886)
2017-11-14 15:29:22.5,100463,65.038445,-146.581705,2.9010000000000002,POINT (519696.9286628506 7212804.395913677)
2017-11-14 15:29:23.25,100464,65.03843333,-146.5817066,2.9010000000000002,POINT (519696.8619302056 7212803.094832252)
2017-11-14 15:29:23.75,100465,65.03843167,-146.58171,2.9010000000000002,POINT (519696.7030551771 7212802.908771102)
2017-11-14 15:29:24.25,100466,65.03842833,-146.5817084,2.9010000000000002,POINT (519696.7808598313 7212802.537037856)
2017-11-14 15:29:24.5,100467,65.03842,-146.5817066,2.9010000000000002,POINT (519696.8717629511 7212801.609248007)
2017-11-14 15:29:25.25,100468,65.03841667,-146.5817017,2.9010000000000002,POINT (519697.1049510702 7212801.239657733)
2017-11-14 15:29:26,100469,65.03841,-146.581705,2.9010000000000002,POINT (519696.9544803609 7212800.495279873)
2017-11-14 15:29:26.75,100470,65.03840333,-146.5817117,2.9010000000000002,POINT (519696.643909891 7212799.749842368)
2017-11-14 15:29:27.75,100471,65.0384,-146.581715,2.9010000000000002,POINT (519696.4909753159 7212799.377696444)
2017-11-14 15:29:28.5,100472,65.03839333,-146.5817267,2.9010000000000002,POINT (519695.9449638146 7212798.630700726)
2017-11-14 15:29:29.25,100473,65.03838833,-146.5817217,2.9,POINT (519696.1840926769 7212798.07502559)
2017-11-14 15:29:30,100474,65.03838666,-146.5817084,2.9010000000000002,POINT (519696.8115971665 7212797.893054705)
2017-11-14 15:29:30.75,100475,65.03837667,-146.581705,2.9010000000000002,POINT (519696.9790660001 7212796.780762045)
2017-11-14 15:29:31.5,100476,65.03837667,-146.58171,2.9010000000000002,POINT (519696.7436250575 7212796.779203719)
2017-11-14 15:29:32.25,100477,65.038375,-146.5817084,2.9010000000000002,POINT (519696.8201980124 7212796.593586425)
2017-11-14 15:29:33,100478,65.038365,-146.5817267,2.9010000000000002,POINT (519695.9658601527 7212795.473416294)
2017-11-14 15:29:33.5,100479,65.03835834,-146.5817267,2.9010000000000002,POINT (519695.9707725985 7212794.73118141)
2017-11-14 15:29:34.25,100480,65.03835666,-146.58173,2.9010000000000002,POINT (519695.8166206348 7212794.542922544)
2017-11-14 15:29:34.75,100481,65.038345,-146.5817317,2.9010000000000002,POINT (519695.745171018 7212793.242924462)
2017-11-14 15:29:35.25,100482,65.03834166,-146.581725,2.9010000000000002,POINT (519696.063125864 7212792.872780609)
2017-11-14 15:29:36,100483,65.03833334,-146.5817283,2.9010000000000002,POINT (519695.9138714821 7212791.944515789)
2017-11-14 15:29:36.5,100484,65.03833,-146.581735,2.9010000000000002,POINT (519695.6008436563 7212791.570195843)
2017-11-14 15:29:37.25,100485,65.03832334,-146.5817433,2.9010000000000002,POINT (519695.2149232565 7212790.825374334)
2017-11-14 15:29:38,100486,65.03832,-146.5817384,2.9010000000000002,POINT (519695.448119371 7212790.454669465)
2017-11-14 15:29:38.5,100487,65.038315,-146.5817417,2.9010000000000002,POINT (519695.2964159071 7212789.896407656)
2017-11-14 15:29:39.25,100488,65.03830833,-146.5817417,2.9,POINT (519695.3013355505 7212789.153058309)
2017-11-14 15:29:40,100489,65.03829833,-146.5817417,2.9010000000000002,POINT (519695.3087113273 7212788.038591522)
2017-11-14 15:29:41,100490,65.038295,-146.58174,2.9010000000000002,POINT (519695.3912176271 7212787.668003873)
2017-11-14 15:29:41.5,100491,65.03828667,-146.5817467,2.9010000000000002,POINT (519695.0818697453 7212786.737565059)
2017-11-14 15:29:42.25,100492,65.03827667,-146.5817483,2.9010000000000002,POINT (519695.0139040489 7212785.622599658)
2017-11-14 15:29:42.75,100493,65.03827166,-146.58174,2.9010000000000002,POINT (519695.4084327572 7212785.066838402)
2017-11-14 15:29:43.5,100494,65.03826833,-146.5817433,2.9010000000000002,POINT (519695.2554972467 7212784.694692549)
2017-11-14 15:29:44.25,100495,65.03825833,-146.5817483,2.9010000000000002,POINT (519695.027431006 7212783.578667583)
2017-11-14 15:29:45,100496,65.03825333,-146.5817566,2.9010000000000002,POINT (519694.6402850628 7212783.018847641)
2017-11-14 15:29:45.75,100497,65.03825166,-146.5817717,2.9010000000000002,POINT (519693.9304817944 7212782.828026162)
2017-11-14 15:29:46.5,100498,65.038245,-146.5817967,2.9010000000000002,POINT (519692.7581831794 7212782.078001055)
2017-11-14 15:29:47,100499,65.03824334,-146.5817917,2.9010000000000002,POINT (519692.9948495166 7212781.894557576)
2017-11-14 15:29:47.75,100500,65.03824,-146.581795,2.9010000000000002,POINT (519692.8419209125 7212781.521297384)
2017-11-14 15:29:48.5,100501,65.03824,-146.5818234,2.9010000000000002,POINT (519691.504609501 7212781.512448208)
2017-11-14 15:29:49.25,100502,65.03823834,-146.5818133,2.9010000000000002,POINT (519691.9814268122 7212781.330593719)
2017-11-14 15:29:50,100503,65.03823667,-146.5818084,2.9010000000000002,POINT (519692.2133916909 7212781.146004555)
2017-11-14 15:29:50.75,100504,65.03823667,-146.58182,2.9010000000000002,POINT (519691.6671658357 7212781.142390145)
2017-11-14 15:29:51.5,100505,65.03823333,-146.5818234,2.9010000000000002,POINT (519691.5095281804 7212780.769098863)
2017-11-14 15:29:52.25,100506,65.03822166,-146.5818283,2.9010000000000002,POINT (519691.2874005584 7212779.466989395)
2017-11-14 15:29:53,100507,65.03821834,-146.5818383,2.9010000000000002,POINT (519690.8189641254 7212779.093870693)
2017-11-14 15:29:53.5,100508,65.03821167,-146.58185,2.9010000000000002,POINT (519690.2729474116 7212778.346876041)
2017-11-14 15:29:54.25,100509,65.03820167,-146.581855,2.9010000000000002,POINT (519690.0448787842 7212777.230851465)
2017-11-14 15:29:55,100510,65.03820334,-146.5818616,2.9010000000000002,POINT (519689.7328632979 7212777.414911157)
2017-11-14 15:29:55.5,100511,65.038195,-146.5818517,2.9010000000000002,POINT (519690.205189172 7212776.488530265)
2017-11-14 15:29:56.25,100512,65.03819667,-146.5818567,2.9010000000000002,POINT (519689.9685152086 7212776.673088429)
2017-11-14 15:29:57,100513,65.038185,-146.581865,2.9010000000000002,POINT (519689.5862855911 7212775.36991981)
2017-11-14 15:29:57.75,100514,65.03818333,-146.58189,2.9010000000000002,POINT (519688.4103037271 7212775.176015347)
2017-11-14 15:29:58.5,100515,65.03817166,-146.581895,2.9010000000000002,POINT (519688.1834654427 7212773.87387497)
2017-11-14 15:29:59.25,100516,65.03816833,-146.5819083,2.9010000000000002,POINT (519687.559642868 7212773.498614284)
2017-11-14 15:30:00,100517,65.038165,-146.58191,2.9010000000000002,POINT (519687.4820474658 7212773.126967267)
2017-11-14 15:30:00.75,100518,65.03816666,-146.5819083,2.9010000000000002,POINT (519687.5608741307 7212773.312498332)
2017-11-14 15:30:01.5,100519,65.03816,-146.5819233,2.9010000000000002,POINT (519686.8594558645 7212772.565590776)
2017-11-14 15:30:02.25,100520,65.03815167,-146.5819233,2.9010000000000002,POINT (519686.8655972114 7212771.637239948)
2017-11-14 15:30:03.25,100521,65.03813666,-146.5819183,2.9010000000000002,POINT (519687.1121064939 7212769.965982853)
2017-11-14 15:30:03.75,100522,65.03814,-146.5819233,2.9010000000000002,POINT (519686.8742009944 7212770.336657216)
2017-11-14 15:30:04.5,100523,65.03813334,-146.58193,2.9019999999999997,POINT (519686.5636173777 7212769.592335265)
2017-11-14 15:30:05.25,100524,65.03813166,-146.5819417,2.9010000000000002,POINT (519686.0139190778 7212769.401460326)
2017-11-14 15:30:06,100525,65.038125,-146.5819467,2.9019999999999997,POINT (519685.7833858217 7212768.657667995)
2017-11-14 15:30:06.75,100526,65.03812,-146.58196,2.9010000000000002,POINT (519685.1607929566 7212768.096291867)
2017-11-14 15:30:07.25,100527,65.03811,-146.5819667,2.9010000000000002,POINT (519684.852670851 7212766.979738194)
2017-11-14 15:30:08,100528,65.0381,-146.58195,2.9010000000000002,POINT (519685.6464235611 7212765.870473146)
2017-11-14 15:30:08.5,100529,65.038085,-146.5819334,2.9019999999999997,POINT (519686.4391541818 7212764.203943777)
2017-11-14 15:30:09,100530,65.03807334,-146.5819284,2.9010000000000002,POINT (519686.6831940002 7212762.906033031)
2017-11-14 15:30:09.75,100531,65.038055,-146.5819083,2.9010000000000002,POINT (519687.6431991183 7212760.868362355)
